{"train_loss": 64.65841674804688, "epoch": 4, "trainer/global_step": 9049, "_timestamp": 1705055964.956508, "_runtime": 94.14257001876831, "_step": 180, "_wandb": {"runtime": 93}}